{"sections":{"banner":{"type":"main-collection-banner","settings":{"show_collection_description":true,"show_collection_image":false,"color_scheme":"scheme-1"}},"product-grid":{"type":"main-collection-product-grid","settings":{"products_per_page":16,"columns_desktop":4,"color_scheme":"scheme-1","image_ratio":"portrait","image_shape":"default","show_secondary_image":true,"show_vendor":false,"show_rating":false,"quick_add":"none","enable_filtering":true,"filter_type":"horizontal","enable_sorting":true,"columns_mobile":"2","padding_top":36,"padding_bottom":36}},"rich_text_L6dwWj":{"type":"rich-text","blocks":{"text_UmyMQe":{"type":"text","settings":{"text":"{{ collection.metafields.custom.collection_content | metafield_tag }}"}}},"block_order":["text_UmyMQe"],"name":"t:sections.rich-text.presets.name","settings":{"desktop_content_position":"center","content_alignment":"left","color_scheme":"","full_width":true,"padding_top":40,"padding_bottom":52}}},"order":["banner","product-grid","rich_text_L6dwWj"]}