{"sections":{"slideshow_UTxfiM":{"type":"slideshow","blocks":{"slide_zhryRF":{"type":"slide","disabled":true,"settings":{"image":"shopify:\/\/shop_images\/Untitled-1_2.jpg","subtitle":"Experience the Power of","heading":"BEAUTY AND SELF CARE","heading_size":"h1","subheading":"","button_label":"SHOP NOW","link":"shopify:\/\/collections\/womens-self-care-and-beauty-products","button_style_secondary":false,"box_align":"middle-left","show_text_box":false,"text_alignment":"left","image_overlay_opacity":0,"color_scheme":"scheme-2","text_alignment_mobile":"center"}},"slide_VN7Drq":{"type":"slide","settings":{"image":"shopify:\/\/shop_images\/Top-banner.jpg","subtitle":"Experience the Power of","heading":"BEAUTY AND SELF CARE","heading_size":"h1","subheading":"","button_label":"SHOP NOW","link":"shopify:\/\/collections\/womens-self-care-and-beauty-products","button_style_secondary":false,"box_align":"middle-left","show_text_box":false,"text_alignment":"left","image_overlay_opacity":0,"color_scheme":"scheme-2","text_alignment_mobile":"center"}}},"block_order":["slide_zhryRF","slide_VN7Drq"],"settings":{"layout":"full_bleed","slide_height":"adapt_image","slider_visual":"dots","auto_rotate":true,"change_slides_speed":5,"image_behavior":"none","show_text_below":true,"accessibility_info":"Slideshow about our brand"}},"collection_list_bbq9eH":{"type":"collection-list","blocks":{"featured_collection_EY3fN7":{"type":"featured_collection","settings":{"collection":"womens-wear"}},"featured_collection_A9T8mf":{"type":"featured_collection","settings":{"collection":"womens-self-care-and-beauty-products"}}},"block_order":["featured_collection_EY3fN7","featured_collection_A9T8mf"],"settings":{"title":"","heading_size":"h1","image_ratio":"adapt","columns_desktop":2,"color_scheme":"scheme-faaa4a9a-0361-43f0-8be2-c0dfac521b94","show_view_all":false,"columns_mobile":"1","swipe_on_mobile":false,"padding_top":44,"padding_bottom":32}},"featured_collection_NCrcGe":{"type":"featured-collection","settings":{"title":"featured Products","heading_size":"h1","description":"","show_description":false,"description_style":"body","collection":"hypoallergenic-jewelry-ladies","products_to_show":4,"columns_desktop":4,"full_width":false,"show_view_all":true,"view_all_style":"solid","enable_desktop_slider":false,"color_scheme":"scheme-faaa4a9a-0361-43f0-8be2-c0dfac521b94","image_ratio":"portrait","image_shape":"default","show_secondary_image":true,"show_vendor":false,"show_rating":false,"quick_add":"none","columns_mobile":"2","swipe_on_mobile":false,"padding_top":0,"padding_bottom":40}},"image_banner_xdWg4q":{"type":"image-banner","blocks":{"text_xBDzyn":{"type":"text","settings":{"text":"Unique Jewelry","text_style":"subtitle"}},"heading_BUAhk7":{"type":"heading","settings":{"heading":"Collections","heading_size":"h1"}},"buttons_mFHW7x":{"type":"buttons","settings":{"button_label_1":"shop now","button_link_1":"shopify:\/\/collections\/hypoallergenic-jewelry-ladies","button_style_secondary_1":false,"button_label_2":"","button_link_2":"","button_style_secondary_2":false}}},"block_order":["text_xBDzyn","heading_BUAhk7","buttons_mFHW7x"],"settings":{"image":"shopify:\/\/shop_images\/Untitled-4.png","image_overlay_opacity":0,"image_height":"adapt","desktop_content_position":"middle-left","show_text_box":false,"desktop_content_alignment":"left","color_scheme":"scheme-faaa4a9a-0361-43f0-8be2-c0dfac521b94","image_behavior":"none","mobile_content_alignment":"center","stack_images_on_mobile":true,"show_text_below":true}},"featured_collection_xVbxif":{"type":"featured-collection","disabled":true,"settings":{"title":"New arrivals","heading_size":"h1","description":"","show_description":true,"description_style":"body","collection":"womens-wear","products_to_show":12,"columns_desktop":4,"full_width":false,"show_view_all":true,"view_all_style":"solid","enable_desktop_slider":true,"color_scheme":"scheme-faaa4a9a-0361-43f0-8be2-c0dfac521b94","image_ratio":"portrait","image_shape":"default","show_secondary_image":false,"show_vendor":false,"show_rating":false,"quick_add":"none","columns_mobile":"2","swipe_on_mobile":true,"padding_top":44,"padding_bottom":44}},"image_banner_aqtFjH":{"type":"image-banner","blocks":{"heading_DMCCy9":{"type":"heading","settings":{"heading":"Don't Miss our Latest Sale.","heading_size":"h1"}},"text_JDTYLL":{"type":"text","settings":{"text":"Check out our latest Beauty& Self Care items.","text_style":"body"}},"buttons_CrjdgX":{"type":"buttons","settings":{"button_label_1":"shop now","button_link_1":"shopify:\/\/collections\/womens-self-care-and-beauty-products","button_style_secondary_1":false,"button_label_2":"","button_link_2":"","button_style_secondary_2":false}}},"block_order":["heading_DMCCy9","text_JDTYLL","buttons_CrjdgX"],"settings":{"image":"shopify:\/\/shop_images\/Untitled-5.png","image_overlay_opacity":0,"image_height":"adapt","desktop_content_position":"middle-right","show_text_box":false,"desktop_content_alignment":"center","color_scheme":"scheme-faaa4a9a-0361-43f0-8be2-c0dfac521b94","image_behavior":"none","mobile_content_alignment":"center","stack_images_on_mobile":true,"show_text_below":true}},"clients_say_TjA9wL":{"type":"clients-say","blocks":{"testimonial_VxPJiE":{"type":"testimonial","settings":{"customer-img":"shopify:\/\/shop_images\/t-1.png","author-name":"","author-detail":"\"Shipping was fast, packaging was cute! I love the candles and will be ordering more.\"","review-text":"-  Candy Pettynettie"}},"testimonial_FMMXwy":{"type":"testimonial","disabled":true,"settings":{"customer-img":"shopify:\/\/shop_images\/t-1.png","author-name":"","author-detail":"\"Shipping was fast, packaging was cute! I love the candles and will be ordering more.\"","review-text":"-  Candy Pettynettie"}},"testimonial_R7CGiG":{"type":"testimonial","settings":{"customer-img":"shopify:\/\/shop_images\/t-1_8e64172a-e8f9-4c97-8c63-4f6fa2d71989.png","author-name":"","author-detail":"\"I love all my beauty products I get from Glam Society! I wouldn’t go anywhere else!! XOXO\"","review-text":"- Kailah Futrell"}},"testimonial_bqg3QB":{"type":"testimonial","disabled":true,"settings":{"customer-img":"shopify:\/\/shop_images\/t-1_8e64172a-e8f9-4c97-8c63-4f6fa2d71989.png","author-name":"","author-detail":"\"I love all my beauty products I get from Glam Society! I wouldn’t go anywhere else!! XOXO\"","review-text":"- Kailah Futrell"}},"testimonial_mCkCxw":{"type":"testimonial","disabled":true,"settings":{"customer-img":"shopify:\/\/shop_images\/t-2.png","author-name":"","author-detail":"The body of the text goes here, providing essential information in a clear and structured manner. The layout ensures readability and flow. It's important to maintain consistency throughout. Feel free to customize this content to suit your needs.","review-text":"- Nina"}},"testimonial_ynkjjU":{"type":"testimonial","disabled":true,"settings":{"customer-img":"shopify:\/\/shop_images\/t-3.png","author-name":"","author-detail":"The body of the text goes here, providing essential information in a clear and structured manner. The layout ensures readability and flow. It's important to maintain consistency throughout. Feel free to customize this content to suit your needs.","review-text":"- Nina"}}},"block_order":["testimonial_VxPJiE","testimonial_FMMXwy","testimonial_R7CGiG","testimonial_bqg3QB","testimonial_mCkCxw","testimonial_ynkjjU"],"disabled":true,"settings":{"title":"Client testimonials","section_color_scheme":"scheme-faaa4a9a-0361-43f0-8be2-c0dfac521b94","padding_top":44,"padding_bottom":44}},"image_with_text_zMN9C9":{"type":"image-with-text","blocks":{"heading_eKBthB":{"type":"heading","settings":{"heading":"About <strong>Glam Society<\/strong>","heading_size":"h1"}},"text_wpQEm7":{"type":"text","settings":{"text":"<p><strong>Glam Society, LLC,<\/strong> is an online boutique that offers a range of products that enable women to live better, feel better, and do better. We are committed to empowering <a href=\"https:\/\/shopglamsociety.com\/collections\/beauty-and-self-care\" target=\"_blank\"><strong>women's self-care<\/strong><\/a> and self-love by inspiring them to discover what makes them different and constantly changing and redefining themselves through fashion. <\/p><p>We believe that knowledge of yourself is the key to success, and we work to ensure that our products fit your style and allow you to express yourself with grace and sophistication.<\/p>","text_style":"body"}},"button_hA7YjF":{"type":"button","settings":{"button_label":"read more","button_link":"shopify:\/\/pages\/about-us","button_style_secondary":false}}},"block_order":["heading_eKBthB","text_wpQEm7","button_hA7YjF"],"settings":{"image":"shopify:\/\/shop_images\/IMG_0493_ac9d7c9c-2995-4e67-8597-77618af2f521.jpg","height":"adapt","desktop_image_width":"medium","layout":"image_first","desktop_content_position":"middle","desktop_content_alignment":"left","content_layout":"no-overlap","section_color_scheme":"scheme-faaa4a9a-0361-43f0-8be2-c0dfac521b94","color_scheme":"scheme-2","image_behavior":"none","mobile_content_alignment":"left","padding_top":44,"padding_bottom":44}},"custom_liquid_7i8j6V":{"type":"custom-liquid","disabled":true,"settings":{"custom_liquid":"<div class=\"collection__title\">\n<h2 class=\"title \">Follow us on Instagram<\/h2>\n<\/div>","color_scheme":"scheme-faaa4a9a-0361-43f0-8be2-c0dfac521b94","padding_top":56,"padding_bottom":56}},"17418549812ccc1f4c":{"type":"apps","blocks":{"instafeed_app_block_yBYmwn":{"type":"shopify:\/\/apps\/instafeed\/blocks\/app-block\/c447db20-095d-4a10-9725-b5977662c9d5","settings":{"title":"Follow us on Instagram","title_color":"","title_size_v2":0,"alignment":"center","instafeed_margin_top":0,"instafeed_margin_bottom":0,"instafeed_margin_sides":0,"show_instagram_link":false,"link_alignment":"left","link_color":"#000000","background_color":"","feed_id":"","html_area":""}}},"block_order":["instafeed_app_block_yBYmwn"],"disabled":true,"settings":{"include_margins":true}},"174184602962482c28":{"type":"apps","settings":{"include_margins":true}},"newsletter_CTnNNy":{"type":"newsletter","blocks":{"heading_YcmJnF":{"type":"heading","settings":{"heading":"Subscribe to our emails","heading_size":"h1"}},"paragraph_Tn3dKQ":{"type":"paragraph","settings":{"text":"<p>Be the first to know about new collections and exclusive offers.<\/p>"}},"email_form_KQ8bMB":{"type":"email_form","settings":{}}},"block_order":["heading_YcmJnF","paragraph_Tn3dKQ","email_form_KQ8bMB"],"settings":{"color_scheme":"","full_width":true,"padding_top":40,"padding_bottom":52}}},"order":["slideshow_UTxfiM","collection_list_bbq9eH","featured_collection_NCrcGe","image_banner_xdWg4q","featured_collection_xVbxif","image_banner_aqtFjH","clients_say_TjA9wL","image_with_text_zMN9C9","custom_liquid_7i8j6V","17418549812ccc1f4c","174184602962482c28","newsletter_CTnNNy"]}