{"sections":{"rich_text_QGnJyT":{"type":"rich-text","blocks":{"heading_gwBxBz":{"type":"heading","settings":{"heading":"About <strong>Glam Society<\/strong>","heading_size":"h1"}}},"block_order":["heading_gwBxBz"],"name":"t:sections.rich-text.presets.name","settings":{"desktop_content_position":"center","content_alignment":"center","color_scheme":"","full_width":true,"padding_top":40,"padding_bottom":0}},"image_with_text_zMN9C9":{"type":"image-with-text","blocks":{"heading_eKBthB":{"type":"heading","disabled":true,"settings":{"heading":"","heading_size":"h1"}},"text_wpQEm7":{"type":"text","settings":{"text":"<p><strong>Glam Society, LLC,<\/strong> is an online boutique that offers a range of products that enable women to live better, feel better, and do better. We are committed to empowering <a href=\"https:\/\/shopglamsociety.com\/collections\/beauty-and-self-care\" target=\"_blank\"><strong>women's self-care<\/strong><\/a> and self-love by inspiring them to discover what makes them different and constantly changing and redefining themselves through fashion. <\/p><p>We believe that knowledge of yourself is the key to success, and we work to ensure that our products fit your style and allow you to express yourself with grace and sophistication.<\/p>","text_style":"body"}},"button_hA7YjF":{"type":"button","disabled":true,"settings":{"button_label":"read more","button_link":"shopify:\/\/pages\/about-us","button_style_secondary":false}}},"block_order":["heading_eKBthB","text_wpQEm7","button_hA7YjF"],"settings":{"image":"shopify:\/\/shop_images\/IMG_0493.jpg","height":"adapt","desktop_image_width":"medium","layout":"image_first","desktop_content_position":"middle","desktop_content_alignment":"left","content_layout":"no-overlap","section_color_scheme":"scheme-faaa4a9a-0361-43f0-8be2-c0dfac521b94","color_scheme":"scheme-2","image_behavior":"none","mobile_content_alignment":"left","padding_top":44,"padding_bottom":44}},"main":{"type":"main-page","settings":{"padding_top":28,"padding_bottom":28,"margin_bottom":36}},"image_with_text_UNNkEz":{"type":"image-with-text","blocks":{"heading_KjNhbp":{"type":"heading","settings":{"heading":"Image with text","heading_size":"h1"}},"text_LddWFh":{"type":"text","settings":{"text":"<p>Pair text with an image to focus on your chosen product, collection, or blog post. Add details on availability, style, or even provide a review.<\/p>","text_style":"body"}},"button_FicMtM":{"type":"button","settings":{"button_label":"","button_link":"","button_style_secondary":false}}},"block_order":["heading_KjNhbp","text_LddWFh","button_FicMtM"],"disabled":true,"settings":{"height":"adapt","desktop_image_width":"medium","layout":"image_first","desktop_content_position":"top","desktop_content_alignment":"left","content_layout":"no-overlap","section_color_scheme":"","color_scheme":"","image_behavior":"none","mobile_content_alignment":"left","padding_top":36,"padding_bottom":36}}},"order":["rich_text_QGnJyT","image_with_text_zMN9C9","main","image_with_text_UNNkEz"]}