{"sections":{"main":{"type":"main-page","disabled":true,"settings":{"padding_top":28,"padding_bottom":28}},"collapsible_content_ndxi9e":{"type":"collapsible-content","blocks":{"collapsible_row_PkD4ar":{"type":"collapsible_row","settings":{"heading":"Collapsible row","icon":"check_mark","row_content":"","page":""}},"collapsible_row_8Bxtw4":{"type":"collapsible_row","settings":{"heading":"Collapsible row","icon":"check_mark","row_content":"","page":""}},"collapsible_row_rFjyFU":{"type":"collapsible_row","settings":{"heading":"Collapsible row","icon":"check_mark","row_content":"","page":""}},"collapsible_row_Ly38yt":{"type":"collapsible_row","settings":{"heading":"Collapsible row","icon":"check_mark","row_content":"","page":""}}},"block_order":["collapsible_row_PkD4ar","collapsible_row_8Bxtw4","collapsible_row_rFjyFU","collapsible_row_Ly38yt"],"settings":{"caption":"","heading":"Collapsible content","heading_size":"h1","heading_alignment":"center","layout":"none","color_scheme":"","container_color_scheme":"","open_first_collapsible_row":false,"image_ratio":"adapt","desktop_layout":"image_second","padding_top":36,"padding_bottom":36}}},"order":["main","collapsible_content_ndxi9e"]}