{"name":"t:sections.footer.name","type":"footer","sections":{"footer":{"type":"footer","blocks":{"brand_information_jwY6AR":{"type":"brand_information","settings":{"show_social":true}},"link_list_dX7JJK":{"type":"link_list","settings":{"heading":"Quick links","menu":"footer"}},"link_list_4xYAqF":{"type":"link_list","settings":{"heading":"Company","menu":"new-company"}},"link_list_47j99b":{"type":"link_list","settings":{"heading":"Customer Service","menu":"customer-service"}},"text_4mGtLe":{"type":"text","disabled":true,"settings":{"heading":"Heading","subtext":"<p>Share contact information, store details, and brand content with your customers.<\/p>"}}},"block_order":["brand_information_jwY6AR","link_list_dX7JJK","link_list_4xYAqF","link_list_47j99b","text_4mGtLe"],"settings":{"color_scheme":"scheme-4","footer_keywords":"popular-searches","newsletter_enable":true,"newsletter_heading":"newsletter","enable_follow_on_shop":false,"show_social":true,"enable_country_selector":false,"enable_language_selector":false,"payment_enable":false,"show_policy":false,"margin_top":40,"padding_top":68,"padding_bottom":0}}},"order":["footer"]}